{
  "qwen2.5:14b": {
    "total_evaluations": 18,
    "successful_evaluations": 18,
    "errors": 0,
    "score_mean": 3.611111111111111,
    "score_std": 0.48749802152178456,
    "score_min": 3.0,
    "score_max": 4.0,
    "score_median": 4.0,
    "genre_goal_score_mean": 3.3333333333333335,
    "genre_goal_score_std": 0.7888106377466154,
    "all_scores": [
      4,
      3,
      4,
      3,
      3,
      3,
      4,
      4,
      4,
      3,
      4,
      4,
      4,
      4,
      4,
      3,
      4,
      3
    ],
    "all_genre_goal_scores": [
      5,
      3,
      4,
      3,
      2,
      3,
      3,
      4,
      2,
      3,
      4,
      4,
      3,
      3,
      4
    ]
  },
  "gemma3:latest": {
    "total_evaluations": 18,
    "successful_evaluations": 18,
    "errors": 0,
    "score_mean": 4.055555555555555,
    "score_std": 0.2290614236454256,
    "score_min": 4.0,
    "score_max": 5.0,
    "score_median": 4.0,
    "genre_goal_score_mean": 5.0,
    "genre_goal_score_std": 0.0,
    "all_scores": [
      5,
      4,
      4,
      4,
      4,
      4,
      4,
      4,
      4,
      4,
      4,
      4,
      4,
      4,
      4,
      4,
      4,
      4
    ],
    "all_genre_goal_scores": [
      5,
      5,
      5,
      5,
      5,
      5,
      5,
      5,
      5,
      5,
      5,
      5,
      5,
      5,
      5
    ]
  },
  "qwen3:30b-a3b": {
    "total_evaluations": 18,
    "successful_evaluations": 18,
    "errors": 0,
    "score_mean": 4.555555555555555,
    "score_std": 0.5983516452371671,
    "score_min": 3.0,
    "score_max": 5.0,
    "score_median": 5.0,
    "genre_goal_score_mean": 4.466666666666667,
    "genre_goal_score_std": 0.618241233033047,
    "all_scores": [
      5,
      5,
      4,
      5,
      5,
      5,
      5,
      4,
      4,
      4,
      3,
      5,
      4,
      5,
      5,
      4,
      5,
      5
    ],
    "all_genre_goal_scores": [
      5,
      5,
      4,
      5,
      5,
      5,
      4,
      4,
      4,
      3,
      4,
      5,
      5,
      4,
      5
    ]
  }
}